timestamp,count
2025-04-16T22:41:04,410.87
2025-04-16T22:41:20,473.47
2025-04-16T22:41:36,101.76
2025-04-16T22:41:50,15.15
2025-04-16T22:42:05,346.27
2025-04-16T22:58:29,410.87
2025-04-17T23:30:37,15.15
2025-04-20T19:32:17,17.39
2025-04-20T19:40:48,17.39
2025-04-20T19:41:21,473.47
2025-04-20T19:42:45,410.87
2025-04-20T19:43:34,17.39
2025-04-20T19:46:14,17.39
2025-04-20T20:07:37,17.39
2025-04-20T20:19:58,34.17
2025-04-20T20:31:32,17.39
2025-04-20T20:34:40,473.47
2025-04-20T20:35:59,17.39
2025-04-20T21:25:13,355.4
2025-04-20T22:04:34,17.39
2025-04-21T00:13:35,473.47
2025-04-21T00:26:35,17.39
2025-04-21T12:15:25,17.39
2025-04-21T12:46:50,1.08
